URLs,Subdirectories
https://leetcode.com/sitemap/sitemap-static-1.xml,"['https:', '', 'leetcode.com', 'sitemap', 'sitemap-static-1.xml']"
https://leetcode.com/sitemap/sitemap-question-1.xml,"['https:', '', 'leetcode.com', 'sitemap', 'sitemap-question-1.xml']"
https://leetcode.com/sitemap/sitemap-question_solution-1.xml,"['https:', '', 'leetcode.com', 'sitemap', 'sitemap-question_solution-1.xml']"
https://leetcode.com/sitemap/sitemap-question_category-1.xml,"['https:', '', 'leetcode.com', 'sitemap', 'sitemap-question_category-1.xml']"
https://leetcode.com/sitemap/sitemap-topic_tag-1.xml,"['https:', '', 'leetcode.com', 'sitemap', 'sitemap-topic_tag-1.xml']"
https://leetcode.com/sitemap/sitemap-contest-1.xml,"['https:', '', 'leetcode.com', 'sitemap', 'sitemap-contest-1.xml']"
https://leetcode.com/sitemap/sitemap-article-1.xml,"['https:', '', 'leetcode.com', 'sitemap', 'sitemap-article-1.xml']"
https://leetcode.com/sitemap/sitemap-explore_card-1.xml,"['https:', '', 'leetcode.com', 'sitemap', 'sitemap-explore_card-1.xml']"
https://leetcode.com/sitemap/sitemap-topics-1.xml,"['https:', '', 'leetcode.com', 'sitemap', 'sitemap-topics-1.xml']"
https://leetcode.com/sitemap/sitemap-topics-2.xml,"['https:', '', 'leetcode.com', 'sitemap', 'sitemap-topics-2.xml']"
https://leetcode.com/sitemap/sitemap-topics-3.xml,"['https:', '', 'leetcode.com', 'sitemap', 'sitemap-topics-3.xml']"
https://leetcode.com/sitemap/sitemap-topics-4.xml,"['https:', '', 'leetcode.com', 'sitemap', 'sitemap-topics-4.xml']"
https://leetcode.com/sitemap/sitemap-topics-5.xml,"['https:', '', 'leetcode.com', 'sitemap', 'sitemap-topics-5.xml']"
https://leetcode.com/sitemap/sitemap-topics-6.xml,"['https:', '', 'leetcode.com', 'sitemap', 'sitemap-topics-6.xml']"
https://leetcode.com/sitemap/sitemap-topics-7.xml,"['https:', '', 'leetcode.com', 'sitemap', 'sitemap-topics-7.xml']"
https://leetcode.com/sitemap/sitemap-topics-8.xml,"['https:', '', 'leetcode.com', 'sitemap', 'sitemap-topics-8.xml']"
https://leetcode.com/sitemap/sitemap-topics-9.xml,"['https:', '', 'leetcode.com', 'sitemap', 'sitemap-topics-9.xml']"
https://leetcode.com/sitemap/sitemap-topics-10.xml,"['https:', '', 'leetcode.com', 'sitemap', 'sitemap-topics-10.xml']"
https://leetcode.com/sitemap/sitemap-topics-11.xml,"['https:', '', 'leetcode.com', 'sitemap', 'sitemap-topics-11.xml']"
https://leetcode.com/sitemap/sitemap-topics-12.xml,"['https:', '', 'leetcode.com', 'sitemap', 'sitemap-topics-12.xml']"
https://leetcode.com/sitemap/sitemap-topics-13.xml,"['https:', '', 'leetcode.com', 'sitemap', 'sitemap-topics-13.xml']"
https://leetcode.com/sitemap/sitemap-topics-14.xml,"['https:', '', 'leetcode.com', 'sitemap', 'sitemap-topics-14.xml']"
https://leetcode.com/sitemap/sitemap-topics-15.xml,"['https:', '', 'leetcode.com', 'sitemap', 'sitemap-topics-15.xml']"
https://leetcode.com/sitemap/sitemap-topics-16.xml,"['https:', '', 'leetcode.com', 'sitemap', 'sitemap-topics-16.xml']"
https://leetcode.com/sitemap/sitemap-topics-17.xml,"['https:', '', 'leetcode.com', 'sitemap', 'sitemap-topics-17.xml']"
https://leetcode.com/sitemap/sitemap-topics-18.xml,"['https:', '', 'leetcode.com', 'sitemap', 'sitemap-topics-18.xml']"
https://leetcode.com/sitemap/sitemap-topics-19.xml,"['https:', '', 'leetcode.com', 'sitemap', 'sitemap-topics-19.xml']"
https://leetcode.com/sitemap/sitemap-topics-20.xml,"['https:', '', 'leetcode.com', 'sitemap', 'sitemap-topics-20.xml']"
https://leetcode.com/sitemap/sitemap-topics-21.xml,"['https:', '', 'leetcode.com', 'sitemap', 'sitemap-topics-21.xml']"
https://leetcode.com/sitemap/sitemap-topics-22.xml,"['https:', '', 'leetcode.com', 'sitemap', 'sitemap-topics-22.xml']"
https://leetcode.com/sitemap/sitemap-topics-23.xml,"['https:', '', 'leetcode.com', 'sitemap', 'sitemap-topics-23.xml']"
https://leetcode.com/sitemap/sitemap-topics-24.xml,"['https:', '', 'leetcode.com', 'sitemap', 'sitemap-topics-24.xml']"
https://leetcode.com/sitemap/sitemap-topics-25.xml,"['https:', '', 'leetcode.com', 'sitemap', 'sitemap-topics-25.xml']"
https://leetcode.com/sitemap/sitemap-topics-26.xml,"['https:', '', 'leetcode.com', 'sitemap', 'sitemap-topics-26.xml']"
https://leetcode.com/sitemap/sitemap-topics-27.xml,"['https:', '', 'leetcode.com', 'sitemap', 'sitemap-topics-27.xml']"
https://leetcode.com/sitemap/sitemap-topics-28.xml,"['https:', '', 'leetcode.com', 'sitemap', 'sitemap-topics-28.xml']"
https://leetcode.com/sitemap/sitemap-topics-29.xml,"['https:', '', 'leetcode.com', 'sitemap', 'sitemap-topics-29.xml']"
https://leetcode.com/sitemap/sitemap-topics-30.xml,"['https:', '', 'leetcode.com', 'sitemap', 'sitemap-topics-30.xml']"
https://leetcode.com/sitemap/sitemap-topics-31.xml,"['https:', '', 'leetcode.com', 'sitemap', 'sitemap-topics-31.xml']"
https://leetcode.com/sitemap/sitemap-topics-32.xml,"['https:', '', 'leetcode.com', 'sitemap', 'sitemap-topics-32.xml']"
https://leetcode.com/sitemap/sitemap-topics-33.xml,"['https:', '', 'leetcode.com', 'sitemap', 'sitemap-topics-33.xml']"
https://leetcode.com/sitemap/sitemap-topics-34.xml,"['https:', '', 'leetcode.com', 'sitemap', 'sitemap-topics-34.xml']"
https://leetcode.com/sitemap/sitemap-topics-35.xml,"['https:', '', 'leetcode.com', 'sitemap', 'sitemap-topics-35.xml']"
https://leetcode.com/sitemap/sitemap-topics-36.xml,"['https:', '', 'leetcode.com', 'sitemap', 'sitemap-topics-36.xml']"
https://leetcode.com/sitemap/sitemap-topics-37.xml,"['https:', '', 'leetcode.com', 'sitemap', 'sitemap-topics-37.xml']"
https://leetcode.com/sitemap/sitemap-topics-38.xml,"['https:', '', 'leetcode.com', 'sitemap', 'sitemap-topics-38.xml']"
https://leetcode.com/sitemap/sitemap-topics-39.xml,"['https:', '', 'leetcode.com', 'sitemap', 'sitemap-topics-39.xml']"
https://leetcode.com/sitemap/sitemap-topics-40.xml,"['https:', '', 'leetcode.com', 'sitemap', 'sitemap-topics-40.xml']"
https://leetcode.com/sitemap/sitemap-topics-41.xml,"['https:', '', 'leetcode.com', 'sitemap', 'sitemap-topics-41.xml']"
https://leetcode.com/sitemap/sitemap-question_discuss-1.xml,"['https:', '', 'leetcode.com', 'sitemap', 'sitemap-question_discuss-1.xml']"
